eliasegg,10c49945-56f3-4a19-9f1f-8087fea92b06
jigbon,43015a4f-140e-474e-872f-f7b0b4d79313
robsalt,a1715a94-02b9-4b78-8b68-256497cef79f
spiderrobotman,28bb290c-cce5-481c-b158-d7f9a042100d
julicarles,171a862d-e796-473d-99f3-fb4beccd2635
retrovidya,58e04810-1da0-4e17-ba7f-f2c22e90047f
smattox,fea22ef0-3efd-463b-8d3f-cc0e543fa57c
cory,3716427e-76ac-4df4-a50a-706618a70f0c
dragnlord,85682217-c609-47a2-9fd9-8ae2408a7ac0
shinichitakeshi,543a3545-42d3-409b-9ccf-dfbd4fcda8e7
robert_beckley,c0a68af6-e4ee-4b2b-b6bd-4287d97f0755
